File,Transcription
phrase_apple_301,æpəl
phrase_apple_302,æpəl
phrase_apple_305,æpəl
phrase_apple_306,æpo
phrase_apple_309,æpəl
phrase_apple_311,æpəl
phrase_apple_313,æpo
phrase_apple_316,æpəl
phrase_apple_318,æpəl
phrase_apple_321,æpəl
phrase_apple_322,æpəl
phrase_apple_325,æpəl
phrase_apple_recast_317,æpo
phrase_book_302,bʊk
phrase_book_305,bʊk
phrase_book_306,bʊk
phrase_book_309,bʊk
phrase_book_310,bʊk
phrase_book_313,bʊk
phrase_book_315,bʊk
phrase_book_318,bʊk
phrase_book_321,bʊk
phrase_book_322,bʊk
phrase_book_325,bʊk
phrase_book_326,bʊk
phrase_cat_302,kæt
phrase_cat_304,kæt
phrase_cat_306,kæt
phrase_cat_309,kæt
phrase_cat_310,kæt
phrase_cat_313,kæt
phrase_cat_314,kæt
phrase_cat_318,kæt
phrase_cat_320,kæt
phrase_cat_322,kæt
phrase_cat_325,kæt
phrase_cat_recast_317,kɛt
phrase_chicken_302,tʃɪkɪn
phrase_chicken_303,tʃɪkɪn
phrase_chicken_306,tʃɪkɪn
phrase_chicken_308,tʃɪkɪn
phrase_chicken_310,tʃɪkɪn
phrase_chicken_315,tʃɪkɪn
phrase_chicken_316,tʃukɪn
phrase_chicken_322,tʃɪkɪn
phrase_chicken_323,tʃɪki
phrase_chicken_326,tʃɪkɪn
phrase_chicken_recast_313,tʃɪkɪn
phrase_chicken_recast_319,tʃɪkɪn
phrase_couch_302,gaʊtʃ
phrase_couch_303,kaʊtʃ
phrase_couch_306,kaʊtʃ
phrase_couch_307,kaʊtʃ
phrase_couch_310,kaʊʃ
phrase_couch_312,kɛs
phrase_couch_314,kaʊtʃ
phrase_couch_318,kaʊtʃ
phrase_couch_320,kaʊtʃ
phrase_couch_323,kaʊtʃ
phrase_couch_325,kaʊtʃ
phrase_couch_recast_319,kaʊtʃ
phrase_dog_301,dɑg
phrase_dog_303,dɑg
phrase_dog_308,dɑg
phrase_dog_309,dɑg
phrase_dog_312,dɑk
phrase_dog_313,dɑg
phrase_dog_316,dɑg
phrase_dog_319,dɑgə
phrase_dog_321,dɑg
phrase_dog_324,dɑg
phrase_dog_325,dɑg
phrase_dog_recast_307,dɑg
phrase_dog_recast_317,dɑ
phrase_fish_302,fɪʃ
phrase_fish_304,fɪʃ
phrase_fish_306,fɪʃ
phrase_fish_309,fɪʃ
phrase_fish_310,fɪʃ
phrase_fish_313,fɪʃ
phrase_fish_314,fɪʃ
phrase_fish_318,fɪʃ
phrase_fish_320,fɪʃ
phrase_fish_322,fɪʃ
phrase_fish_325,fɪʃ
phrase_fish_326,fɪʃ
phrase_game_302,geɪm
phrase_game_303,geɪm
phrase_game_307,geɪm
phrase_game_309,geɪm
phrase_game_311,geɪm
phrase_game_314,geɪm
phrase_game_315,geɪm
phrase_game_319,geɪm
phrase_game_320,geɪm
phrase_game_324,geɪm
phrase_game_326,geɪm
phrase_game_recast_317,geɪm
phrase_hammer_302,hæmɚ
phrase_hammer_303,hæmɚ
phrase_hammer_306,hæmo
phrase_hammer_307,hæmo
phrase_hammer_310,hæmɚ
phrase_hammer_312,hæmə
phrase_hammer_314,hæmɚ
phrase_hammer_318,hæmɚ
phrase_hammer_320,hæmə
phrase_hammer_323,hæmbɚ
phrase_hammer_324,hæmɚ
phrase_hammer_recast_317,hæmɚ
phrase_hat_301,hæt
phrase_hat_303,hæt
phrase_hat_306,hæt
phrase_hat_307,hæt
phrase_hat_310,hæt
phrase_hat_311,æt
phrase_hat_314,hæt
phrase_hat_316,hæt
phrase_hat_319,hæt
phrase_hat_322,hæt
phrase_hat_323,hæt
phrase_hat_326,hæʔ
phrase_hat_recast_317,hæt
phrase_house_303,haʊs
phrase_house_305,haʊs
phrase_house_307,haʊs
phrase_house_310,haʊs
phrase_house_311,haʊs
phrase_house_314,haʊs
phrase_house_315,haʊs
phrase_house_320,haʊs
phrase_house_322,haʊs
phrase_house_324,haʊs
phrase_house_recast_317,haʊs
phrase_house_recast_319,haʊs
phrase_juice_303,dʒus
phrase_juice_304,dʒus
phrase_juice_308,dʒus
phrase_juice_310,dʒus
phrase_juice_312,dʒus
phrase_juice_315,dʒus
phrase_juice_316,dʒus
phrase_juice_320,dʒus
phrase_juice_321,dʒus
phrase_juice_325,dʒus
phrase_juice_recast_317,dʒus
phrase_juice_recast_326,dʒuɪs
phrase_knife_303,naɪf
phrase_knife_304,laɪf
phrase_knife_307,naɪf
phrase_knife_308,naɪf
phrase_knife_311,naɪf
phrase_knife_313,naɪf
phrase_knife_315,naɪf
phrase_knife_319,naɪf
phrase_knife_320,naɪf
phrase_knife_323,naɪf
phrase_knife_324,naɪf
phrase_knife_recast_317,naɪf
phrase_lion_302,laɪən
phrase_lion_304,laɪən
phrase_lion_307,laɪən
phrase_lion_308,laɪən
phrase_lion_311,laɪən
phrase_lion_312,laɪn
phrase_lion_315,laɪən
phrase_lion_318,laɪən
phrase_lion_320,laɪn
phrase_lion_323,waɪd
phrase_lion_324,laɪən
phrase_lion_recast_326,jaɪən
phrase_magic_301,mædʒɪk
phrase_magic_304,mædʒɪk
phrase_magic_306,mædʒɪk
phrase_magic_308,mædʒɪk
phrase_magic_312,mædʒɪk
phrase_magic_313,mætʃɪkt
phrase_magic_319,mædʒɪk
phrase_magic_320,mædʒɪk
phrase_magic_324,mædʒɪk
phrase_magic_recast_311,mædʒɪk
phrase_magic_recast_317,mædʒɪ
phrase_magic_recast_326,mædʒɪk
phrase_money_301,mʌni
phrase_money_304,mʌni
phrase_money_305,mʌni
phrase_money_308,mʌni
phrase_money_310,mʌni
phrase_money_312,mʌni
phrase_money_315,mʌni
phrase_money_316,mʌni
phrase_money_321,mʌni
phrase_money_322,mʌni
phrase_money_325,mʌni
phrase_money_recast_317,mʌni
phrase_mouth_301,maʊf
phrase_mouth_304,maʊθ
phrase_mouth_305,maʊθ
phrase_mouth_308,maʊθ
phrase_mouth_309,maʊθ
phrase_mouth_312,maʊs
phrase_mouth_314,maʊθ
phrase_mouth_316,maʊθ
phrase_mouth_321,maʊθ
phrase_mouth_322,maʊθ
phrase_mouth_recast_317,maʊ
phrase_mouth_recast_319,maʊs
phrase_page_301,peɪdʒ
phrase_page_303,peɪdʒ
phrase_page_305,peɪds
phrase_page_308,peɪdʒ
phrase_page_309,peɪdʒ
phrase_page_312,bis
phrase_page_313,pfiʃ
phrase_page_316,peɪdʒ
phrase_page_321,peɪdʒ
phrase_page_323,peɪds
phrase_page_recast_317,peɪdʒ
phrase_page_recast_318,peɪdʒ
phrase_potato_301,poteto
phrase_potato_302,pətedo
phrase_potato_305,pətedo
phrase_potato_308,pətedo
phrase_potato_312,pəteto
phrase_potato_316,pətedo
phrase_potato_318,pəteto
phrase_potato_321,pətedo
phrase_potato_323,pəteto
phrase_potato_recast_307,pətedo
phrase_potato_recast_311,pətedo
phrase_potato_recast_317,pəθedo
phrase_puzzle_301,pʌzo
phrase_puzzle_302,pʌzəl
phrase_puzzle_305,pʌsəl
phrase_puzzle_306,pʌzo
phrase_puzzle_309,pʌzəl
phrase_puzzle_311,pʌzəl
phrase_puzzle_313,bæso
phrase_puzzle_316,pʌzəl
phrase_puzzle_318,pʌzəl
phrase_puzzle_321,pʌzəl
phrase_puzzle_322,pʌzəl
phrase_puzzle_325,pʌzəl
phrase_ring_301,rɪŋ
phrase_ring_303,rɪŋ
phrase_ring_306,
phrase_ring_307,wɪŋ
phrase_ring_310,rɪŋ
phrase_ring_311,rɪŋ
phrase_ring_314,rɪŋ
phrase_ring_316,rɪŋk
phrase_ring_320,rɪŋk
phrase_ring_323,wɪŋk
phrase_ring_324,wɪŋ
phrase_ring_recast_317,rɪŋ
phrase_ring_recast_319,rɪ
phrase_road_303,wɪm
phrase_road_305,rod
phrase_road_307,rod
phrase_road_310,wo
phrase_road_311,rod
phrase_road_314,rod
phrase_road_315,rod
phrase_road_320,rod
phrase_road_322,wod
phrase_road_324,rod
phrase_road_recast_317,ʒo
phrase_road_recast_319,rod
phrase_shoes_303,ʃus
phrase_shoes_304,ʃuz
phrase_shoes_307,ʃuz
phrase_shoes_309,ʃuz
phrase_shoes_311,ʃuz
phrase_shoes_314,ʃuz
phrase_shoes_315,ʃuz
phrase_shoes_319,ʃuz
phrase_shoes_320,ʃus
phrase_shoes_324,ʃuz
phrase_shoes_326,ʃuz
phrase_shoes_recast_323,ɪʃuz
phrase_sock_303,sɑ
phrase_sock_304,sɑk
phrase_sock_307,sɑk
phrase_sock_308,sɑk
phrase_sock_311,sɑk
phrase_sock_313,sɑk
phrase_sock_315,sɑk
phrase_sock_319,sɑk
phrase_sock_320,sɑk
phrase_sock_323,sɑk
phrase_sock_324,sɑk
phrase_sock_recast_317,sʌk
phrase_table_302,tebəl
phrase_table_304,tebəl
phrase_table_307,tebəl
phrase_table_308,tebəl
phrase_table_311,tebəl
phrase_table_312,tibə
phrase_table_315,tebəl
phrase_table_318,tebo
phrase_table_320,tebəl
phrase_table_323,tebəl
phrase_table_324,tebəl
phrase_table_recast_317,tebo
phrase_tape_302,tep
phrase_tape_305,tep
phrase_tape_307,te
phrase_tape_309,tep
phrase_tape_312,tip
phrase_tape_313,tep
phrase_tape_316,tep
phrase_tape_318,tep
phrase_tape_322,tep
phrase_tape_324,tep
phrase_tape_326,tep
phrase_tape_recast_319,tep
phrase_teacher_301,titʃə
phrase_teacher_305,titʃɚ
phrase_teacher_307,titʃo
phrase_teacher_310,titʃɚ
phrase_teacher_312,tilsɚ
phrase_teacher_315,titʃɚ
phrase_teacher_320,titʃ
phrase_teacher_321,titʃə
phrase_teacher_325,titʃɚ
phrase_teacher_recast_303,titʃɚ
phrase_teacher_recast_317,titʃɚ
phrase_teacher_recast_322,titʃo
phrase_thumb_301,θʌm
phrase_thumb_304,θʌm
phrase_thumb_305,θʌm
phrase_thumb_308,sʌm
phrase_thumb_309,θʌm
phrase_thumb_312,θʌm
phrase_thumb_314,θʌm
phrase_thumb_316,θʌm
phrase_thumb_321,θʌm
phrase_thumb_322,fʌm
phrase_thumb_325,θʌm
phrase_thumb_326,θʌm
phrase_tiger_301,tɑɪgɚ
phrase_tiger_303,tɑɪgɚ
phrase_tiger_305,tɑɪgɚ
phrase_tiger_308,tɑɪgɚ
phrase_tiger_309,tɑɪgɚ
phrase_tiger_312,tɑɪgə
phrase_tiger_313,tθɑɪko
phrase_tiger_318,tɑɪgɚ
phrase_tiger_320,tɑɪgə
phrase_tiger_322,tɑɪgo
phrase_tiger_325,tɑɪgɚ
phrase_tiger_recast_316,tɑɪgɚ
phrase_toilet_301,tɔɪlɛt
phrase_toilet_302,tɔɪlɛt
phrase_toilet_305,tɔɪlɪʔ
phrase_toilet_307,tɔɪlɪt
phrase_toilet_309,tɔɪlɪt
phrase_toilet_312,tɔɪʔ
phrase_toilet_313,tɔɪlɪt
phrase_toilet_316,tɔɪlɪʔ
phrase_toilet_318,tɔɪlɪt
phrase_toilet_322,tɔɪlɪt
phrase_toilet_324,tɔɪlɪt
phrase_toilet_326,tɔɪlɪʔ
phrase_TV_301,tivi
phrase_TV_302,tivi
phrase_TV_305,tivi
phrase_TV_306,tivi
phrase_TV_310,tivi
phrase_TV_312,tifi
phrase_TV_314,tivi
phrase_TV_318,tivi
phrase_TV_319,tiləvi
phrase_TV_322,tivi
phrase_TV_323,tivi
phrase_TV_recast_309,tivi
phrase_TV_recast_325,tivi
phrase_van_304,væn
phrase_van_308,væn
phrase_van_310,væn
phrase_van_315,væn
phrase_van_316,væn
phrase_van_322,væn
phrase_van_recast_301,væn
phrase_van_recast_306,væn
phrase_van_recast_313,væn
phrase_van_recast_317,væn
phrase_van_recast_323,væn
phrase_van_recast_324,væn
phrase_video_301,vɪdio
phrase_video_303,vɪdio
phrase_video_305,vɪdio
phrase_video_308,vɪdio
phrase_video_309,vɪdio
phrase_video_314,vɪdio
phrase_video_315,vɪdio
phrase_video_321,vɪdio
phrase_video_recast_311,vɪdio
phrase_video_recast_318,vɪdio
phrase_video_recast_323,vɪdio
phrase_video_recast_325,vɪdio
phrase_wave_301,weɪv
phrase_wave_302,weɪv
phrase_wave_305,weɪv
phrase_wave_307,weɪv
phrase_wave_309,weɪv
phrase_wave_313,weɪv
phrase_wave_314,weɪv
phrase_wave_318,weɪh
phrase_wave_320,weɪv
phrase_wave_324,weɪv
phrase_wave_326,weɪv
phrase_wave_recast_319,wɛm
phrase_web_302,wɛv
phrase_web_303,wɛb
phrase_web_306,wɛb
phrase_web_307,wɛ
phrase_web_310,wɛb
phrase_web_312,wɛp
phrase_web_314,wɛb
phrase_web_318,wɛb
phrase_web_320,wɛb
phrase_web_323,wɛb
phrase_web_324,wɛb
phrase_web_recast_319,wɛb
phrase_yelllow_305,jɛlo
phrase_yellow_303,jɛlo
phrase_yellow_308,jɛlo
phrase_yellow_309,jɛlo
phrase_yellow_313,lɛlo
phrase_yellow_314,jɛlo
phrase_yellow_318,jɛlo
phrase_yellow_321,jɛlo
phrase_yellow_recasat_301,jɛlo
phrase_yellow_recast_317,jɛlə
phrase_yellow_recast_319,hɛlo
phrase_yellow_recast_325,jɛlo
phrase_yellow_recast_326,jɛlo
,
word_apple_303,æpəl
word_apple_305,æpəl
word_apple_307,æpo
word_apple_310,æpəl
word_apple_311,æpəl
word_apple_314,æpəl
word_apple_315,æpəl
word_apple_319,æpəl
word_apple_321,æpəl
word_apple_323,æpəl
word_apple_326,æpəl
word_apple_recast_317,æpo
word_baby_303,bebi
word_baby_304,bebi
word_baby_307,bebi
word_baby_309,bebi
word_baby_311,bebi
word_baby_314,bebi
word_baby_315,bebi
word_baby_319,bɛbi
word_baby_320,bebi
word_baby_323,bebi
word_baby_325,bebi
word_baby_recast_317,bebi
word_beach_303,bitʃ
word_beach_304,bitʃ
word_beach_307,bitʃ
word_beach_308,bitʃ
word_beach_311,bitʃ
word_beach_313,bitʃ
word_beach_315,bitʃ
word_beach_320,bitʃ
word_beach_322,bits
word_beach_325,bitʃ
word_beach_326,bitʃ
word_beach_recast_321,bitʃ
word_cake_302,keɪk
word_cake_304,keɪk
word_cake_307,keɪk
word_cake_308,keɪk
word_cake_311,keɪk
word_cake_312,kɛk
word_cake_315,keɪk
word_cake_318,keɪk
word_cake_320,keɪk
word_cake_323,keɪk
word_cake_324,keɪk
word_cake_recast_317,keɪk
word_chair_301,tʃer
word_chair_304,tʃer
word_chair_306,tʃe
word_chair_308,tʃer
word_chair_311,tʃer
word_chair_312,kæ
word_chair_315,tʃer
word_chair_316,tʃer
word_chair_320,tʃeə
word_chair_322,tʃeə
word_chair_324,tʃer
word_chair_recast_317,tʃer
word_coloring_318,kʌlɚɪŋ
word_coloring_324,kʌlɚɪŋ
word_color_301,kʌlə
word_color_304,kʌlɚ
word_color_309,kʌlɚ
word_color_311,kʌlɚ
word_color_316,kʌlɚ
word_color_320,kʌlə
word_color_recast_308,kʌlɚ
word_color_recast_313,kʌlo
word_color_recast_319,kʌlɚ
word_color_recast_325,kʌlɚ
word_doll_301,dɑl
word_doll_304,dɑl
word_doll_305,dɑl
word_doll_308,dɑl
word_doll_309,dɑl
word_doll_312,dæo
word_doll_314,dɑl
word_doll_316,dɑl
word_doll_320,dɑl
word_doll_321,dɑl
word_doll_324,dɑl
word_doll_325,dɑl
word_face_301,feɪs
word_face_303,feɪs
word_face_305,feɪs
word_face_309,feɪs
word_face_310,feɪs
word_face_313,fɛis
word_face_314,feɪs
word_face_320,feɪs
word_face_322,feɪs
word_face_324,feɪs
word_face_recast_306,feɪs
word_face_recast_317,feɪs
word_five_302,faɪv
word_five_303,faɪv
word_five_306,faɪv
word_five_308,faɪv
word_five_310,faɪv
word_five_313,faɪv
word_five_314,faɪv
word_five_318,faɪf
word_five_319,faɪv
word_five_322,faɪv
word_five_324,faɪv
word_five_326,faɪv
word_foot_302,fʊt
word_foot_303,fʊʔ
word_foot_307,fʊʔ
word_foot_308,fʊt
word_foot_311,fʊt
word_foot_313,tθo
word_foot_315,fʊt
word_foot_321,fʊʔ
word_foot_322,fʊt
word_foot_325,fʊt
word_foot_326,fʌt
word_foot_recast_318,fʊt
word_game_301,geɪm
word_game_303,geɪm
word_game_309,geɪm
word_game_310,geɪm
word_game_313,gim
word_game_314,geɪm
word_game_320,geɪm
word_game_322,geɪm
word_game_324,geɪm
word_game_recast_306,geɪm
word_game_recast_307,geɪm
word_game_recast_319,geɪm
word_hammer_301,hamɚ
word_hammer_304,hæmə
word_hammer_306,hæmə
word_hammer_308,hæmɚ
word_hammer_311,hæmɚ
word_hammer_312,hæmə
word_hammer_315,hæmɚ
word_hammer_316,hæmɚ
word_hammer_321,hæmɚ
word_hammer_323,hæmɚ
word_hammer_325,hæmɚ
word_hammer_recast_319,hæmɚ
word_heavy_301,hɛvi
word_heavy_305,hɛvi
word_heavy_306,hɛvi
word_heavy_310,hɛvi
word_heavy_315,hɛvi
word_heavy_321,hævi
word_heavy_recast_312,hafi
word_heavy_recast_313,hæbi
word_heavy_recast_318,hɛbi
word_heavy_recast_319,hɛvi
word_heavy_recast_323,hɛvi
word_heavy_recast_325,hɛvi
word_honey_301,hʌni
word_honey_304,hʌni
word_honey_305,hɑni
word_honey_308,hʌni
word_honey_309,hʌni
word_honey_312,hʌni
word_honey_314,hʌni
word_honey_316,hʌni
word_honey_321,hʌni
word_honey_322,hʌni
word_honey_325,hʌni
word_honey_326,hʌni
word_jacket_301,dʒækɪt
word_jacket_303,dzækɪt
word_jacket_307,dʒækɪt
word_jacket_310,dʒækɪ
word_jacket_311,dʒækɪt
word_jacket_315,dʒækɪt
word_jacket_316,dʒækɪt
word_jacket_321,dʒækɪt
word_jacket_323,dʒækɪt
word_jacket_325,dʒækɪt
word_jacket_recast_312,dækit
word_jacket_recast_317,dʒækɪt
word_kitchen_301,kɪtʃɪn
word_kitchen_302,kɪtʃɪn
word_kitchen_305,kɪtʃɪn
word_kitchen_307,kɪtʃɪn
word_kitchen_309,kɪtʃɪn
word_kitchen_312,kɪtsɪn
word_kitchen_313,kɪtsɪn
word_kitchen_316,kɪtʃɪn
word_kitchen_318,kɪtʃɪn
word_kitchen_322,kɪtʃɪn
word_kitchen_324,kɪtʃɪn
word_kitchen_326,kɪtʃɪn
word_leaf_301,lif
word_leaf_302,lif
word_leaf_305,lif
word_leaf_306,lif
word_leaf_309,lif
word_leaf_311,lif
word_leaf_313,lif
word_leaf_316,lif
word_leaf_318,liθ
word_leaf_321,lif
word_leaf_322,lif
word_leaf_326,lif
word_leaf_recast_323,lif
word_magic_303,mædʒɪk
word_magic_308,mædʒɪk
word_magic_309,mædʒɪk
word_magic_315,mædʒɪk
word_magic_316,mædʒɪk
word_magic_recast_301,mædʒək
word_magic_recast_307,mædʒɪk
word_magic_recast_311,mædʒɪk
word_magic_recast_318,mædʒɪk
word_magic_recast_319,mɛdʒɪk
word_magic_recast_323,mædʒɪk
word_magic_recast_324,mædʒɪʔ
word_moon_302,mun
word_moon_304,mun
word_moon_306,mun
word_moon_309,mun
word_moon_310,mun
word_moon_313,mon
word_moon_314,mun
word_moon_318,mun
word_moon_320,but
word_moon_322,mun
word_moon_325,mun
word_moon_326,mun
word_nose_302,noz
word_nose_303,nos
word_nose_307,noz
word_nose_309,noz
word_nose_311,noz
word_nose_314,noz
word_nose_315,noz
word_nose_319,noz
word_nose_320,noz
word_nose_323,noz
word_nose_325,noz
word_nose_recast_317,noz
word_page_303,peɪdʒ
word_page_304,peɪdʒ
word_page_307,peɪdʒ
word_page_308,peɪdʒ
word_page_313,pwiʃ
word_page_315,peɪdʒ
word_page_318,peɪtʃ
word_page_322,peɪds
word_page_324,beɪdʒ
word_page_recast_312,bis
word_page_recast_317,peɪdʒ
word_page_recast_326,peɪdʒ
word_pig_302,pɪg
word_pig_304,pɪg
word_pig_307,pɪk
word_pig_308,pɪg
word_pig_311,pɪg
word_pig_312,bɪk
word_pig_315,pɪg
word_pig_318,pɪg
word_pig_320,pɪg
word_pig_324,pɪg
word_pig_325,pɪg
word_pig_recast_323,pɪg
word_puzzle_301,pʌzəl
word_puzzle_304,pʌzəl
word_puzzle_306,pʌzəl
word_puzzle_308,pʌzəl
word_puzzle_311,pʌzəl
word_puzzle_312,paso
word_puzzle_315,pʌzəl
word_puzzle_316,pʌzəl
word_puzzle_320,pʌzəl
word_puzzle_322,pʌzəl
word_puzzle_324,pʌzəl
word_puzzle_recast_317,pʌzðo
word_red_301,rɛd
word_red_304,wɛd
word_red_305,rɛd
word_red_308,rɛd
word_red_310,rɛd
word_red_312,wæd
word_red_315,rɛd
word_red_316,rɛd
word_red_320,rɛd
word_red_321,rɛd
word_red_324,rɛd
word_red_326,rɛd
word_ring_recast_317,rɪ
word_shape_302,ʃeɪp
word_shape_308,ʃeɪp
word_shape_314,ʃeɪp
word_shape_315,ʃeɪp
word_shape_320,ʃeɪp
word_shape_recast_304,ʃeɪp
word_shape_recast_306,sep
word_shape_recast_311,ʃeɪp
word_shape_recast_312,sip
word_shape_recast_321,ʃeɪp
word_shape_recast_322,seɪp
word_shape_recast_326,ʃeɪp
word_singing_304,sɪŋɪŋ
word_singing_309,sɪŋɪŋ
word_singing_313,sinin
word_singing_315,sɪŋɪŋ
word_singing_323,sɪŋgɪŋ
word_sing_301,sɪŋk
word_sing_306,sɪŋ
word_sing_311,sɪŋ
word_sing_316,sɪŋk
word_sing_324,sɪŋ
word_sing_325,sɪŋ
word_sing_recast_319,sɪŋ
word_sneeze_306,nos
word_teeth_302,tiθ
word_teeth_304,tiθ
word_teeth_306,tiθ
word_teeth_309,tiθ
word_teeth_310,tiθ
word_teeth_313,tiθ
word_teeth_314,tiθ
word_teeth_318,tiθ
word_teeth_320,tiθ
word_teeth_322,tiθ
word_teeth_325,tiθ
word_teeth_326,tiθ
word_thumb_302,θʌm
word_thumb_303,θʌm
word_thumb_306,θʌm
word_thumb_308,θʌm
word_thumb_310,θʌm
word_thumb_313,fʌm
word_thumb_314,θʌm
word_thumb_318,θʌm
word_thumb_320,θʌm
word_thumb_323,θʌm
word_thumb_325,θʌm
word_thumb_recast_317,θʌm
word_toys_302,tɔɪz
word_toys_303,tɔɪs
word_toys_306,tɔɪz
word_toys_307,tɔɪz
word_toys_310,tɔɪz
word_toys_312,tsɔɪs
word_toys_315,tɔɪz
word_toys_320,tɔɪz
word_toys_321,tɔɪz
word_toys_324,tɔɪz
word_toys_325,tɔɪz
word_toys_recast_317,tɔɪz
word_videos_309,vɪdioz
word_video_301,vɪdio
word_video_308,vɪdio
word_video_315,vɪdio
word_video_recast_305,vɪdio
word_video_recast_306,vɪdio
word_video_recast_312,fɪdo
word_video_recast_314,vɪdio
word_video_recast_318,vɪdio
word_video_recast_321,vɪdio
word_video_recast_322,vɪdio
word_video_recast_325,vɪdio
word_video_recast_326,vɪdiə
word_wagon_305,wægən
word_wagon_307,wægɪn
word_wagon_309,wægɪn
word_wagon_314,wægɪn
word_wagon_315,wægən
word_wagon_320,wægɪ
word_wagon_321,wægɪn
word_wagon_325,wægɪn
word_wagon_recast_301,wægən
word_wagon_recast_310,wægɪn
word_wagon_recast_318,wægɪn
word_wagon_recast_324,wægən
word_wash_303,wɑs
word_wash_304,wɑʃ
word_wash_307,wɑʃ
word_wash_313,waʃ
word_wash_318,wɑʃ
word_wash_322,wɑs
word_wash_324,wɑʃ
word_wash_recast_310,wɑʃ
word_wash_recast_311,wɑʃ
word_wash_recast_316,wɑʃ
word_wash_recast_319,wɑʃ
word_wash_recast_326,waʃ
word_water_303,wɑdɚ
word_water_304,wɑɾɚ
word_water_307,wɑdo
word_water_308,wɑdɚ
word_water_311,wɑdɚ
word_water_313,wɑdo
word_water_315,wɑdɚ
word_water_319,hwɑtɚ
word_water_320,wɑdə
word_water_323,wɑtɚ
word_water_324,wɑtɚ
word_water_recast_317,wɑdɚ
word_web_302,wɛb
word_web_304,wɛb
word_web_307,wɛb
word_web_308,wɛb
word_web_311,wɛb
word_web_312,wab
word_web_315,wɛb
word_web_318,wɛb
word_web_321,wɛb
word_web_324,wɛb
word_web_325,wɛb
word_web_recast_326,wɛb
word_yelling_313,laʊwin
word_yell_305,jɛl
word_yell_308,jɛl
word_yell_315,jɛl
word_yell_recast_302,jɛl
word_yell_recast_303,jɛl
word_yell_recast_309,jɛl
word_yell_recast_310,jɛl
word_yell_recast_316,jɛl
word_yell_recast_318,jɛl
word_yell_recast_321,jɛl
word_yell_recast_326,jɛl
phrase_apple_301,æpəl
phrase_apple_304,æpəl
phrase_apple_306,æpoʊ
phrase_apple_308,æpəl
phrase_apple_311,æpəl
phrase_apple_312,æpə
phrase_apple_315,næpʌ
phrase_apple_316,æpəl
phrase_apple_320,æpəhl
phrase_apple_322,æpəl
phrase_apple_324,æpəl
phrase_apple_recast_317,æpʌl
phrase_book_301,bʊk
phrase_book_304,bʊk
phrase_book_305,bʊk
phrase_book_308,bʊk
phrase_book_310,bʊk
phrase_book_312,poʊk
phrase_book_315,bʌk
phrase_book_316,bʊk
phrase_book_320,bʊk
phrase_book_321,bʌk
phrase_book_324,boʊk
phrase_book_326,bʊk
phrase_cat_301,kæt
phrase_cat_304,kæʔ
phrase_cat_305,kæʔ
phrase_cat_308,kæʔ
phrase_cat_309,kɛt
phrase_cat_312,kθæt
phrase_cat_314,kæt
phrase_cat_316,kæʔ
phrase_cat_320,kɛt
phrase_cat_321,kæʔ
phrase_cat_324,kæt
phrase_cat_325,kæt
phrase_chicken_301,tʃɪkɪn
phrase_chicken_303,tʃɪkən
phrase_chicken_305,ʃɪkən
phrase_chicken_308,tʃɪkən
phrase_chicken_309,tʃɪkɪn
phrase_chicken_314,tʃɪkən
phrase_chicken_315,tʃɪkɪn
phrase_chicken_321,tʃɪk
phrase_chicken_323,tʃɪki
phrase_chicken_325,tʃɪkən
phrase_chicken_recast_313,tʃɪkən
phrase_chicken_recast_317,tʃɪkən
phrase_couch_301,kaʊtʃ
phrase_couch_302,gaʊtʃ
phrase_couch_305,koʊtʃ
phrase_couch_307,kaʊtʃ
phrase_couch_309,kaʊtʃ
phrase_couch_312,kəθ
phrase_couch_313,kaʊʔʃ
phrase_couch_316,kətʃ
phrase_couch_318,kaʊtʃ
phrase_couch_322,kaʊtʃ
phrase_couch_325,kaʊtʃ
phrase_couch_recast_317,kætʃ
phrase_dog_301,dɑg
phrase_dog_302,dɑg
phrase_dog_305,dɑg
phrase_dog_308,dɑg
phrase_dog_311,dɑg
phrase_dog_313,dag
phrase_dog_315,dɑk
phrase_dog_319,dɑgə
phrase_dog_320,dɑk
phrase_dog_323,dɔg
phrase_dog_324,dɑg
phrase_dog_recast_306,dʒɑg
phrase_dog_recast_317,dɑ
phrase_fish_301,fɪʃ
phrase_fish_304,fɪʃ
phrase_fish_305,fɪʃ
phrase_fish_308,fɪʃ
phrase_fish_309,fɪʃ
phrase_fish_312,fiʃ
phrase_fish_314,fɪʃ
phrase_fish_316,fɪʃ
phrase_fish_320,fɪʃ
phrase_fish_321,fɪʃ
phrase_fish_324,fɪʃ
phrase_fish_325,fɪʃ
phrase_game_301,geɪm
phrase_game_303,geɪm
phrase_game_306,geɪm
phrase_game_309,geɪm
phrase_game_310,geɪm
phrase_game_313,gim
phrase_game_314,geɪm
phrase_game_318,geɪm
phrase_game_320,geɪm
phrase_game_322,geɪm
phrase_game_326,geɪm
phrase_game_recast_304,gɪ
phrase_hammer_301,hæmər
phrase_hammer_302,hæmər
phrase_hammer_305,hɛmər
phrase_hammer_307,hæmo
phrase_hammer_309,hæmɛr
phrase_hammer_312,hæmə
phrase_hammer_313,hæmo
phrase_hammer_316,hæmər
phrase_hammer_318,hæmər
phrase_hammer_322,hæmʌ
phrase_hammer_324,hɛmər
phrase_hammer_326,hæmʌ
phrase_hat_301,hæt
phrase_hat_302,hæʔ
phrase_hat_305,hæʔ
phrase_hat_306,hæt
phrase_hat_309,hæʔ
phrase_hat_311,æʔ
phrase_hat_313,hæt
phrase_hat_316,hɛt
phrase_hat_318,hæt
phrase_hat_321,hæʔ
phrase_hat_322,hæt
phrase_hat_325,hæʔ
phrase_hat_recast_317,hɛt
phrase_house_302,haʊs
phrase_house_305,haʊs
phrase_house_306,haʊs
phrase_house_309,haʊs
phrase_house_310,haʊs
phrase_house_313,haʊs
phrase_house_315,haʊs
phrase_house_318,haʊʃ
phrase_house_322,haʊs
phrase_house_323,haʊs
phrase_house_326,haʊs
phrase_house_recast_317,haʊθ
phrase_juice_302,dʒus
phrase_juice_304,dʒuʃ
phrase_juice_306,dʒus
phrase_juice_310,dʒus
phrase_juice_311,dʒuʃ
phrase_juice_314,dʒus
phrase_juice_315,dʒəs
phrase_juice_319,dʒuz
phrase_juice_321,dʒus
phrase_juice_324,dʒus
phrase_juice_recast_317,dʒus
phrase_juice_recast_323,dʒus
phrase_knife_302,naɪf
phrase_knife_303,naɪf
phrase_knife_306,naɪf
phrase_knife_308,naɪf
phrase_knife_310,naɪf
phrase_knife_313,naɪf
phrase_knife_314,neɪf
phrase_knife_318,naɪf
phrase_knife_319,naɪf
phrase_knife_322,naɪf
phrase_knife_324,naɪf
phrase_knife_326,naɪf
phrase_lion_302,laɪɪn
phrase_lion_303,waɪən
phrase_lion_306,laɪjɪn
phrase_lion_307,laɪən
phrase_lion_310,laɪɪn
phrase_lion_312,laɪən
phrase_lion_314,laɪən
phrase_lion_318,laɪən
phrase_lion_319,laɪn
phrase_lion_322,waɪən
phrase_lion_323,waɪən
phrase_lion_recast_317,læn
phrase_magic_301,mædʒɪk
phrase_magic_303,mædʒɪ
phrase_magic_306,mætʃɪk
phrase_magic_307,mædʒɪk
phrase_magic_310,mædʒɪk
phrase_magic_312,mædik
phrase_magic_316,mædʒɪk
phrase_magic_320,mætʃɪk
phrase_magic_322,mætɪk
phrase_magic_recast_311,mædɪk
phrase_magic_recast_314,mædʒɪk
phrase_magic_recast_323,mætʃək
phrase_magic_recast_326,mædʒɪk
phrase_money_303,mən
phrase_money_305,mʌni
phrase_money_307,mʌni
phrase_money_310,mʌni
phrase_money_311,mʌni
phrase_money_314,mʌni
phrase_money_315,mʌni
phrase_money_320,mʌni
phrase_money_322,mʌni
phrase_money_324,mʌni
phrase_money_recast_317,mʌni
phrase_money_recast_319,mʌni
phrase_mouth_303,maʊf
phrase_mouth_304,maʊθ
phrase_mouth_307,maʊf
phrase_mouth_309,maʊθ
phrase_mouth_311,aʊθ
phrase_mouth_314,maʊθ
phrase_mouth_315,maʊθ
phrase_mouth_320,bæθ
phrase_mouth_321,mæθ
phrase_mouth_325,maʊf
phrase_mouth_recast_319,maʊs
phrase_mouth_recast_326,mæf
phrase_page_303,peɪdʒ
phrase_page_304,peɪtʃ
phrase_page_307,peɪtʃ
phrase_page_308,peɪdʒ
phrase_page_311,feɪdʒ
phrase_page_313,pfɪʃ
phrase_page_315,peɪdʒ
phrase_page_321,pɪtʃ
phrase_page_322,peɪtʃ
phrase_page_325,peɪdʒ
phrase_page_recast_317,peɪtʃ
phrase_page_recast_326,peɪdʒ
phrase_potato_302,pəteɪdoʊ
phrase_potato_304,pʌteɪdoʊ
phrase_potato_308,pəteɪdoʊ
phrase_potato_309,pəteɪdoʊ
phrase_potato_315,pəteɪdoʊ
phrase_potato_316,pətədoʊ
phrase_potato_320,pʌteɪdoʊ
phrase_potato_323,pəteɪtoʊ
phrase_potato_326,bʌteɪdoʊ
phrase_potato_recast_311,vʌtedo
phrase_potato_recast_313,bətitu
phrase_potato_recast_325,pʌteɪdoʊ
phrase_puzzle_301,pʌzʌl
phrase_puzzle_304,pʌzʌl
phrase_puzzle_306,pʌzəl
phrase_puzzle_308,pʌzəl
phrase_puzzle_311,pʌzʌ
phrase_puzzle_312,bʌʃu
phrase_puzzle_315,pʌzəl
phrase_puzzle_316,pʌzəl
phrase_puzzle_320,pʌsəl
phrase_puzzle_322,pʌðʌl
phrase_puzzle_324,pʌzəl
phrase_ring_301,rɪŋg
phrase_ring_302,rɪŋ
phrase_ring_305,ræŋ
phrase_ring_306,wɪŋ
phrase_ring_309,rɪŋ
phrase_ring_311,rɪŋ
phrase_ring_313,wiʔən
phrase_ring_316,rɪŋk
phrase_ring_318,rɪŋ
phrase_ring_322,wɪŋ
phrase_ring_323,miŋk
phrase_ring_326,viŋ
phrase_ring_recast_319,wɪm
phrase_road_302,roʊd
phrase_road_305,roʊd
phrase_road_306,woʊd
phrase_road_309,roʊd
phrase_road_310,roʊd
phrase_road_313,vodə
phrase_road_315,roʊd
phrase_road_318,ræud
phrase_road_322,woʊd
phrase_road_323,woʊd
phrase_road_326,rod
phrase_road_recast_317,ʒo
phrase_shoes_302,ʃuz
phrase_shoes_304,ʃus
phrase_shoes_306,suz
phrase_shoes_309,ʃuz
phrase_shoes_310,ʃuz
phrase_shoes_313,ʃos
phrase_shoes_314,ʃuz
phrase_shoes_318,ʃuz
phrase_shoes_320,tʃus
phrase_shoes_322,suz
phrase_shoes_326,ʃuz
phrase_shoes_recast_317,ʃuz
phrase_sock_302,sɑk
phrase_sock_303,sɑ
phrase_sock_306,sɑk
phrase_sock_308,sɑk
phrase_sock_310,sɑk
phrase_sock_313,ʃɑk
phrase_sock_314,sɑk
phrase_sock_318,sɑk
phrase_sock_319,sʌk
phrase_sock_322,sʌk
phrase_sock_324,sɑk
phrase_sock_326,sak
phrase_table_302,teɪbəl
phrase_table_303,teɪbəl
phrase_table_306,teɪpəl
phrase_table_307,teɪbəl
phrase_table_310,teɪbəl
phrase_table_312,tibu
phrase_table_314,teɪbo
phrase_table_318,teɪbo
phrase_table_319,teɪbʌl
phrase_table_322,teɪbol
phrase_table_323,teɪbʌ
phrase_table_326,teɪbʌ
phrase_tape_302,teɪp
phrase_tape_304,teɪp
phrase_tape_307,tɛ
phrase_tape_308,teɪp
phrase_tape_311,teɪp
phrase_tape_312,tip
phrase_tape_315,teɪp
phrase_tape_318,teɪp
phrase_tape_321,teɪp
phrase_tape_324,teɪp
phrase_tape_325,teɪp
phrase_tape_recast_317,te
phrase_tape_recast_319,teɪp
phrase_teacher_304,titʃə
phrase_teacher_307,titʃo
phrase_teacher_309,titʃʌr
phrase_teacher_312,tiʃu
phrase_teacher_314,tiʃər
phrase_teacher_318,kitʃɛr
phrase_teacher_320,titʃə
phrase_teacher_324,titʃʌ
phrase_teacher_recast_303,titʃər
phrase_teacher_recast_313,tiʃo
phrase_teacher_recast_322,titʃʌ
phrase_teacher_recast_326,tidʒə
phrase_thumb_303,fʌm
phrase_thumb_304,fʌm
phrase_thumb_307,θʌm
phrase_thumb_309,θʌm
phrase_thumb_311,θɛm
phrase_thumb_314,θʌm
phrase_thumb_315,θʌmə
phrase_thumb_320,θʌm
phrase_thumb_321,θʌm
phrase_thumb_324,θʌm
phrase_thumb_326,θʌm
phrase_thumb_recast_319,fɛn
phrase_tiger_303,taɪgər
phrase_tiger_304,taɪgʌ
phrase_tiger_307,taɪgo
phrase_tiger_308,taɪgər
phrase_tiger_311,taɪgər
phrase_tiger_313,tsaɪko
phrase_tiger_315,taɪgər
phrase_tiger_320,taɪgʌ
phrase_tiger_321,taɪgər
phrase_tiger_324,taɪgər
phrase_tiger_325,taɪgər
phrase_tiger_recast_326,taɪgu
phrase_toilet_302,tɔɪlɪt
phrase_toilet_304,tɔɪlo
phrase_toilet_307,tɔɪlət
phrase_toilet_308,tɔɪlət
phrase_toilet_311,tɔɪlɪt
phrase_toilet_312,kuit
phrase_toilet_315,tɔɪlət
phrase_toilet_318,tɔɪlɪt
phrase_toilet_321,tɔɪlət
phrase_toilet_324,paɪlət
phrase_toilet_325,tɔɪlɪt
phrase_toilet_recast_319,tolɛt
phrase_TV_301,tivi
phrase_TV_304,tɪvi
phrase_TV_306,tʃivi
phrase_TV_308,tʃivi
phrase_TV_312,tifi
phrase_TV_313,tifi
phrase_TV_316,tɪbi
phrase_TV_318,kivi
phrase_TV_321,tivi
phrase_TV_323,tivi
phrase_TV_326,tivi
phrase_TV_recast_325,tifi
phrase_van_302,væn
phrase_van_307,væ
phrase_van_308,væn
phrase_van_314,væn
phrase_van_316,væn
phrase_van_320,væn
phrase_van_recast_301,vɛn
phrase_van_recast_303,væn
phrase_van_recast_311,væn
phrase_van_recast_313,vɑn
phrase_van_recast_321,væn
phrase_van_recast_324,væn
phrase_videos_310,vɪdiʌs
phrase_video_303,vɪdioʊ
phrase_video_304,vɪdhə
phrase_video_307,vidioʊ
phrase_video_308,vɪdioʊ
phrase_video_313,vɪθoʊ
phrase_video_315,vɪdioʊ
phrase_video_320,vɪjoʊs
phrase_video_recast_311,vɪdioʊ
phrase_video_recast_317,wɪdiʌ
phrase_video_recast_322,dɪdioʊ
phrase_video_recast_323,vɪdioʊ
phrase_waves_310,weɪvs
phrase_wave_302,weɪv
phrase_wave_304,weɪf
phrase_wave_307,weɪv
phrase_wave_308,weɪf
phrase_wave_312,wif
phrase_wave_313,wɪf
phrase_wave_316,weɪf
phrase_wave_320,weɪf
phrase_wave_323,reɪv
phrase_wave_326,weɪv
phrase_wave_recast_317,rɪn
phrase_web_301,wɛb
phrase_web_302,wɛv
phrase_web_305,wɛb
phrase_web_307,əwɛ
phrase_web_309,wɛb
phrase_web_312,wæp
phrase_web_313,wɑb
phrase_web_316,wɛp
phrase_web_318,wæb
phrase_web_322,wɛb
phrase_web_324,wɛb
phrase_web_recast_317,vɛd
phrase_yelllow_305,jɛloʊ
phrase_yellow_302,jɛloʊ
phrase_yellow_306,lɛloʊ
phrase_yellow_308,jɛloʊ
phrase_yellow_312,lɑlu
phrase_yellow_314,jɛloʊ
phrase_yellow_316,jɛloʊ
phrase_yellow_321,jɛloʊ
phrase_yellow_324,jɛloʊ
phrase_yellow_recast_311,jɛloʊ
phrase_yellow_recast_317,jælʌ
phrase_yellow_recast_323,jɛwʌ
phrase_yellow_recast_326,jɛloʊ
word_apple_302,æpəl
word_apple_305,æpəl
word_apple_306,æpʌl
word_apple_309,æpəl
word_apple_310,æpəl
word_apple_313,æpʌl
word_apple_315,æpʌl
word_apple_318,æpəl
word_apple_321,æpʌl
word_apple_322,æpol
word_apple_325,æpəl
word_apple_326,æpʌl
word_baby_302,beɪbi
word_baby_304,beɪbi
word_baby_306,beɪbi
word_baby_309,bibi
word_baby_310,beɪbi
word_baby_313,bibi
word_baby_314,beɪbi
word_baby_318,beɪbi
word_baby_320,beɪbi
word_baby_322,beɪbi
word_baby_325,beɪpi
word_baby_326,beɪbi
word_beach_302,bitʃ
word_beach_303,pitʃ
word_beach_306,pits
word_beach_308,bitʃ
word_beach_310,bitʃ
word_beach_313,bitʃ
word_beach_314,bitʃ
word_beach_318,bitʃ
word_beach_320,bitʃ
word_beach_324,bitʃ
word_beach_326,bitʃ
word_beach_recast_319,bɪtʃ
word_cake_302,keɪk
word_cake_303,keɪ
word_cake_306,keɪk
word_cake_307,keɪk
word_cake_310,keɪk
word_cake_312,kik
word_cake_314,kɪk
word_cake_318,keɪk
word_cake_319,keɪk
word_cake_322,keɪk
word_cake_323,keɪk
word_cake_326,keɪk
word_chair_301,tʃɛr
word_chair_303,tʃɛr
word_chair_306,tʃio
word_chair_307,tʃɛr
word_chair_310,tʃɛr
word_chair_311,tʃɛr
word_chair_314,tʃɛr
word_chair_316,tʃɛr
word_chair_319,tʃɛr
word_chair_322,tio
word_chair_323,tʃɛr
word_chair_326,tʃɛr
word_chair_recast_317,tʃɛr
word_coloring_323,kʌwɪŋ
word_color_301,kʌlʌ
word_color_303,kʌlər
word_color_309,kʌlɛr
word_color_310,kʌlər
word_color_315,kʌlɛr
word_color_316,kʌlər
word_color_recast_307,kʌlo
word_color_recast_313,kʌlo
word_color_recast_317,kʌlɛr
word_color_recast_325,kʌlər
word_color_recast_326,kaɪjə
word_doll_303,dɑl
word_doll_304,dɑl
word_doll_307,dɑl
word_doll_309,dɑl
word_doll_311,dɑl
word_doll_314,dɑl
word_doll_315,dɑl
word_doll_319,dols
word_doll_320,dɑl
word_doll_323,dɑ
word_doll_325,dɑl
word_doll_recast_317,dɑl
word_face_303,feɪs
word_face_304,feɪs
word_face_308,feɪs
word_face_309,feɪs
word_face_312,fiʃ
word_face_314,feɪs
word_face_318,feɪs
word_face_322,veɪs
word_face_323,feɪs
word_face_326,feɪs
word_face_recast_306,feɪs
word_five_301,faɪf
word_five_303,faɪ
word_five_305,faɪv
word_five_308,faɪf
word_five_309,faɪv
word_five_312,faɪv
word_five_313,faɪv
word_five_316,faɪv
word_five_319,faɪv
word_five_321,faɪv
word_five_324,faɪv
word_five_325,faɪf
word_foot_301,fʊt
word_foot_302,fʊt
word_foot_305,fʌ
word_foot_308,fʊt
word_foot_310,fʊʔ
word_foot_313,təθu
word_foot_314,fʌt
word_foot_320,fʊt
word_foot_321,fʌ
word_foot_324,fʊt
word_foot_326,fʌt
word_foot_recast_317,wʌt
word_game_301,geɪm
word_game_302,geɪm
word_game_308,geɪm
word_game_309,geɪm
word_game_312,kim
word_game_314,geɪm
word_game_316,geɪm
word_game_322,geɪmə
word_game_323,geɪm
word_game_326,geɪm
word_game_recast_306,geɪm
word_game_recast_318,geɪm
word_hammer_301,hɛmər
word_hammer_303,hæmər
word_hammer_306,hæmo
word_hammer_307,kæmʌ
word_hammer_310,hæmər
word_hammer_311,hæmər
word_hammer_314,hæmər
word_hammer_316,hæmər
word_hammer_320,hæm
word_hammer_323,hæmɛr
word_hammer_324,hæmər
word_hammer_recast_317,hæmər
word_hammer_recast_319,hɛmɛr
word_heavy_303,hɛvi
word_heavy_306,hɛfi
word_heavy_309,hɛvi
word_heavy_315,hɛvi
word_heavy_316,hɛvi
word_heavy_recast_307,hʌvi
word_heavy_recast_312,hʌfi
word_heavy_recast_317,hɛvi
word_heavy_recast_319,hɛvi
word_heavy_recast_322,hɛvi
word_heavy_recast_325,hɛvi
word_heavy_recast_326,hɛvi
word_honey_303,hʌni
word_honey_304,hʌni
word_honey_307,hʌni
word_honey_309,hʌni
word_honey_311,hʌni
word_honey_314,hʌni
word_honey_315,hʌni
word_honey_320,hʌni
word_honey_321,hʌni
word_honey_324,hʌni
word_honey_326,hani
word_honey_recast_319,hʌni
word_jacket_303,dʒækə
word_jacket_304,dʒækət
word_jacket_309,dʒækɪt
word_jacket_310,dʒækə
word_jacket_314,dʒækɪt
word_jacket_316,dʒækɛt
word_jacket_320,dʒækət
word_jacket_323,ʒækɪt
word_jacket_324,dʒækɪt
word_jacket_recast_306,dʒækət
word_jacket_recast_312,dædit
word_jacket_recast_326,θækɪt
word_kitchen_302,kɪtʃən
word_kitchen_304,kɪtʃən
word_kitchen_307,kɪtʃən
word_kitchen_308,kɪtʃən
word_kitchen_311,kɪtʃɪn
word_kitchen_312,kɪtθin
word_kitchen_315,kɪtʃɪnə
word_kitchen_318,kɪtʃɪn
word_kitchen_321,kɪtʃɪn
word_kitchen_324,kɪtʃən
word_kitchen_325,kɪtʃən
word_kitchen_recast_319,kɪtʃə
word_leaf_301,liv
word_leaf_304,lif
word_leaf_306,lif
word_leaf_308,lif
word_leaf_311,liθ
word_leaf_312,lif
word_leaf_315,lɪf
word_leaf_316,lif
word_leaf_320,lif
word_leaf_322,wif
word_leaf_325,lif
word_leaf_recast_323,wifθ
word_magic_302,mædʒɪk
word_magic_305,mædʒɪk
word_magic_308,mæʒɪk
word_magic_313,mætik
word_magic_316,mædʒɪk
word_magic_326,mædɪk
word_magic_recast_307,mædʒɪk
word_magic_recast_310,mædʒɪk
word_magic_recast_317,mædʒɪ
word_magic_recast_318,mædʒɪk
word_magic_recast_322,mætʃɪk
word_magic_recast_324,mædʒɪk
word_moon_301,mun
word_moon_304,mun
word_moon_305,mun
word_moon_308,mun
word_moon_309,mun
word_moon_312,mun
word_moon_314,mɪun
word_moon_316,mun
word_moon_320,but
word_moon_321,mɪun
word_moon_324,mun
word_moon_325,mun
word_nose_301,noʊz
word_nose_303,noʊs
word_nose_305,noʊz
word_nose_309,noʊz
word_nose_310,noʊs
word_nose_313,nuʃ
word_nose_314,noʊz
word_nose_318,noʊs
word_nose_320,noʊs
word_nose_322,noʊz
word_nose_325,noʊz
word_nose_326,noʊs
word_page_302,peɪdʒ
word_page_303,peɪdʒ
word_page_306,peɪtʃ
word_page_308,peɪdʒ
word_page_310,peɪdʒ
word_page_315,peɪtʃ
word_page_316,peɪdʒ
word_page_321,peɪtʃ
word_page_322,peɪt
word_page_recast_311,peɪdʒ
word_page_recast_317,peɪdʒ
word_page_recast_323,peɪd
word_pig_302,pɪg
word_pig_303,pɪg
word_pig_306,pɛgə
word_pig_307,pɪg
word_pig_310,pɪg
word_pig_312,bik
word_pig_314,pɪg
word_pig_318,pɪg
word_pig_319,pɪgə
word_pig_322,peɪg
word_pig_324,pɪg
word_pig_recast_317,pɪ
word_puzzle_301,bʌzəl
word_puzzle_303,pʌzəl
word_puzzle_306,pʌzo
word_puzzle_307,pʌdəl
word_puzzle_310,pʌzəl
word_puzzle_311,pɑzəl
word_puzzle_314,pʌzəl
word_puzzle_316,pʌzəl
word_puzzle_319,bɑzʌ
word_puzzle_322,pʌzol
word_puzzle_323,pʌzʌl
word_puzzle_326,pʌzʌ
word_puzzle_recast_317,hʌdʌ
word_red_303,rɛd
word_red_305,rɛd
word_red_307,wɛd
word_red_310,rɛd
word_red_311,rɛd
word_red_314,rɛd
word_red_315,rɛd
word_red_319,ərɛd
word_red_321,rɛd
word_red_323,wɛd
word_red_326,ræ
word_red_recast_317,rɛd
word_shape_301,ʃeɪp
word_shape_302,ʃeɪp
word_shape_313,ʃip
word_shape_315,ʃeɪp
word_shape_318,ʃeɪp
word_shape_recast_304,ʃeɪp
word_shape_recast_305,ʃeɪp
word_shape_recast_309,ʃeɪp
word_shape_recast_311,ʃeɪp
word_shape_recast_319,ʃɛp
word_shape_recast_322,θeɪp
word_shape_recast_325,ʃeɪp
word_singing_304,sɪŋə
word_singing_307,sɪŋən
word_singing_312,siŋɪŋ
word_singing_313,sɪŋɪŋ
word_singing_322,sɪŋiŋ
word_sing_301,sɪŋk
word_sing_305,sɪŋ
word_sing_311,θɪŋ
word_sing_314,tsɪŋ
word_sing_320,sɪŋ
word_sing_324,sɪŋ
word_sing_recast_317,siŋ
word_sneeze_306,noʊz
word_teeth_301,tif
word_teeth_304,tiθ
word_teeth_305,tiθ
word_teeth_308,tiθ
word_teeth_309,tiθ
word_teeth_312,tif
word_teeth_314,tiθ
word_teeth_316,tiθ
word_teeth_320,kif
word_teeth_321,tiθ
word_teeth_324,diθ
word_teeth_325,tiθ
word_thumb_301,θʌm
word_thumb_303,θʌm
word_thumb_305,dʌm
word_thumb_308,θʌm
word_thumb_309,θʌm
word_thumb_312,θam
word_thumb_313,fʌm
word_thumb_316,θʌm
word_thumb_320,θʌ
word_thumb_322,fʌm
word_thumb_325,θʌm
word_thumb_326,θʌm
word_toys_301,toɪz
word_toys_302,tɔɪz
word_toys_305,tɔɪs
word_toys_307,tɔɪz
word_toys_309,tɔɪz
word_toys_312,stɔɪs
word_toys_313,tʃɔɪθ
word_toys_318,tɔɪs
word_toys_320,tɔrs
word_toys_323,tʃɔɪs
word_toys_325,tɔɪs
word_toys_recast_314,tɔɪz
word_videos_309,vɪdioʊz
word_videos_recast_310,vɪdiɔs
word_video_303,vɪjoʊ
word_video_308,vɪdioʊ
word_video_recast_304,vɪdioʊ
word_video_recast_306,vɪdioʊ
word_video_recast_311,vɪdioʊ
word_video_recast_314,vɪdioʊ
word_video_recast_317,vɪdiʌ
word_video_recast_320,vɪdiʌ
word_video_recast_321,vɪjioʊ
word_video_recast_324,vɪdioʊ
word_video_recast_326,vɪdijʌ
word_wagon_304,wægən
word_wagon_307,wægən
word_wagon_308,wægən
word_wagon_313,fwɑdɪn
word_wagon_314,wægɪn
word_wagon_319,wɑgən
word_wagon_321,wægən
word_wagon_323,wægɪn
word_wagon_recast_301,wægɛn
word_wagon_recast_303,wægɪn
word_wagon_recast_317,wɛgən
word_wagon_recast_318,wægɪn
word_wash_302,wɑʃ
word_wash_304,wɑʃ
word_wash_306,vɑʃ
word_wash_313,wæʃ
word_wash_315,ɑʃ
word_wash_321,wɑʃ
word_wash_322,wɑs
word_wash_recast_309,wɑʃ
word_wash_recast_311,wɑʃ
word_wash_recast_314,wɑʃ
word_wash_recast_319,wʌʃ
word_wash_recast_323,wɑʃ
word_water_302,waɾɛr
word_water_303,watɛr
word_water_306,waɾʊ
word_water_308,waɾɛr
word_water_310,waɾɛr
word_water_313,wado
word_water_314,waɾɛr
word_water_318,waɾɛr
word_water_319,vatɛr
word_water_322,wadʌ
word_water_324,watɛr
word_water_326,wadɛr
word_web_302,wɛp
word_web_303,wɛ
word_web_306,wɛb
word_web_307,wɛb
word_web_310,wɛb
word_web_312,wæp
word_web_314,wɛb
word_web_318,wæb
word_web_320,wɛp
word_web_323,wɛp
word_web_324,wɛb
word_web_recast_319,wɛm
word_yelling_313,laʊɪŋ
word_yell_301,jɛl
word_yell_308,jɛl
word_yell_311,jɛl
word_yell_325,jɛl
word_yell_recast_302,jɛl
word_yell_recast_307,jæl
word_yell_recast_310,jɛl
word_yell_recast_314,jɛl
word_yell_recast_318,jaʊ
word_yell_recast_319,hjɛl
word_yell_recast_324,jɛl
word_yell_recast_326,jɛl
phrase_apple_301,æpəl
phrase_apple_303,bæpəl
phrase_apple_306,æpoʊ
phrase_apple_307,æpəl
phrase_apple_310,æpəl
phrase_apple_311,æpəl
phrase_apple_314,æpəl
phrase_apple_316,æpəl
phrase_apple_319,æpəl
phrase_apple_322,æpəl
phrase_apple_323,æpəl
phrase_apple_326,æpə
phrase_apple_recast_317,næpoʊ
phrase_book_303,bʊk
phrase_book_305,bʊk
phrase_book_307,bʊk
phrase_book_310,bʊk
phrase_book_311,bʊk
phrase_book_314,bʊk
phrase_book_315,bʊk
phrase_book_319,buk
phrase_book_321,bʊk
phrase_book_323,bʊk
phrase_book_326,bʊk
phrase_book_recast_317,bʊk
phrase_cat_303,kæ
phrase_cat_304,kæt
phrase_cat_307,kæt
phrase_cat_309,kæt
phrase_cat_311,kæt
phrase_cat_314,kæt
phrase_cat_315,kæt
phrase_cat_319,kɛt
phrase_cat_320,kæt
phrase_cat_323,kæt
phrase_cat_325,kæt
phrase_cat_recast_326,kæ
phrase_chicken_303,tʃɪkən
phrase_chicken_304,tʃɪkən
phrase_chicken_307,tʃɪkən
phrase_chicken_308,tʃɪkən
phrase_chicken_311,tʃɪkən
phrase_chicken_315,tʃɪkən
phrase_chicken_318,tʃɪkən
phrase_chicken_323,tʃɪki
phrase_chicken_324,tʃɪkən
phrase_chicken_recast_312,tɪtən
phrase_chicken_recast_313,tʃɪtsjən
phrase_chicken_recast_320,tʃɪkən
phrase_couch_302,kaʊtʃ
phrase_couch_304,kaʊtʃ
phrase_couch_307,kaʊtʃ
phrase_couch_308,kaʊtʃ
phrase_couch_311,kaʊtʃ
phrase_couch_312,kɑs
phrase_couch_315,kaʊtʃ
phrase_couch_318,kaʊtʃ
phrase_couch_321,kaʊtʃ
phrase_couch_325,kaʊtʃ
phrase_couch_326,kaʊtʃ
phrase_couch_recast_324,kaʊtʃ
phrase_dog_301,dɔg
phrase_dog_304,dɑg
phrase_dog_308,dɑg
phrase_dog_310,dɑg
phrase_dog_313,dɑg
phrase_dog_314,dɑg
phrase_dog_318,dɑg
phrase_dog_319,dɑg
phrase_dog_322,dɑg
phrase_dog_324,dɑg
phrase_dog_326,dɑg
phrase_dog_recast_317,dɑ
phrase_face_316,feɪs
phrase_fish_303,fɪʃ
phrase_fish_304,fɪʃ
phrase_fish_307,fiʃ
phrase_fish_309,fɪʃ
phrase_fish_311,fɪʃ
phrase_fish_314,fɪʃ
phrase_fish_315,fɪʃ
phrase_fish_319,fɪʃ
phrase_fish_320,fɪʃ
phrase_fish_323,fɪs
phrase_fish_325,fɪʃ
phrase_fish_recast_317,fɪʃ
phrase_game_303,geɪm
phrase_game_305,geɪm
phrase_game_308,geɪm
phrase_game_309,geɪm
phrase_game_312,gim
phrase_game_314,geɪm
phrase_game_316,geɪm
phrase_game_320,geɪp
phrase_game_321,geɪm
phrase_game_325,geɪm
phrase_game_326,geɪm
phrase_game_recast_323,geɪm
phrase_hammer_302,hæmər
phrase_hammer_304,hæmə
phrase_hammer_307,hæmoʊ
phrase_hammer_308,hæmər
phrase_hammer_311,hæmər
phrase_hammer_312,hæmə
phrase_hammer_315,hæmər
phrase_hammer_318,hæmər
phrase_hammer_321,hæmə
phrase_hammer_324,hæmər
phrase_hammer_325,pæmər
phrase_hammer_recast_319,hɛmər
phrase_hat_301,kæt
phrase_hat_304,hæt
phrase_hat_306,pæt
phrase_hat_308,hæt
phrase_hat_311,æt
phrase_hat_312,hæt
phrase_hat_315,hæt
phrase_hat_316,hʌt
phrase_hat_320,hɑt
phrase_hat_322,hæt
phrase_hat_324,hæt
phrase_hat_recast_317,hæt
phrase_house_301,haʊs
phrase_house_304,haʊs
phrase_house_305,haʊs
phrase_house_308,haʊs
phrase_house_310,haʊs
phrase_house_312,hɑs
phrase_house_315,haʊs
phrase_house_316,haʊs
phrase_house_321,haʊs
phrase_house_322,haʊs
phrase_house_325,haʊs
phrase_house_recast_317,haʊs
phrase_juice_301,dʒus
phrase_juice_304,dʒus
phrase_juice_305,dʒus
phrase_juice_309,dʒus
phrase_juice_310,dʒus
phrase_juice_313,dus
phrase_juice_315,dʒus
phrase_juice_318,dʒuʃ
phrase_juice_321,dʒus
phrase_juice_322,dus
phrase_juice_recast_307,dʒus
phrase_juice_recast_317,dʒus
phrase_knife_301,naɪf
phrase_knife_303,naɪf
phrase_knife_305,naɪv
phrase_knife_308,naɪf
phrase_knife_309,naɪf
phrase_knife_312,naɪf
phrase_knife_313,naɪf
phrase_knife_316,naɪf
phrase_knife_319,naɪf
phrase_knife_321,naɪf
phrase_knife_324,naɪf
phrase_knife_325,naɪf
phrase_lion_301,laɪən
phrase_lion_302,laɪən
phrase_lion_305,laɪən
phrase_lion_307,laɪən
phrase_lion_309,laɪən
phrase_lion_312,laɪlən
phrase_lion_313,laɪlɪŋ
phrase_lion_316,laɪən
phrase_lion_318,laɪən
phrase_lion_321,laɪən
phrase_lion_323,waɪən
phrase_lion_325,laɪən
phrase_magic_301,mædʒɪk
phrase_magic_302,mædʒɪk
phrase_magic_305,mɑdʒɪk
phrase_magic_306,mædʒɪk
phrase_magic_309,mædʒɪk
phrase_magic_312,mɑdik
phrase_magic_315,mædʒɪk
phrase_magic_320,bædʒɪk
phrase_magic_321,mædʒɪk
phrase_magic_325,mædʒɪk
phrase_magic_recast_311,mædʒər
phrase_magic_recast_318,mædʒɪk
phrase_magic_recast_326,mædʒɪk
phrase_money_302,mʌni
phrase_money_305,mʌni
phrase_money_306,mʌni
phrase_money_309,mʌni
phrase_money_310,mʌni
phrase_money_313,mʌhi
phrase_money_315,mʌni
phrase_money_318,mʌni
phrase_money_322,mʌni
phrase_money_323,mʌni
phrase_money_326,mʌni
phrase_money_recast_317,mʌni
phrase_mouth_302,maʊθ
phrase_mouth_304,maʊθ
phrase_mouth_306,maʊf
phrase_mouth_309,maʊθ
phrase_mouth_310,maʊθ
phrase_mouth_313,maʊf
phrase_mouth_314,maʊs
phrase_mouth_318,maʊθ
phrase_mouth_321,maʊs
phrase_mouth_324,maʊθ
phrase_mouth_recast_319,maʊs
phrase_mouth_recast_323,maʊf
phrase_page_302,peɪdʒ
phrase_page_303,peɪdʒ
phrase_page_306,peɪtʃ
phrase_page_308,peɪdʒ
phrase_page_310,peɪdʒ
phrase_page_313,pfɪʃ
phrase_page_314,peɪdʒ
phrase_page_320,peɪtʃ
phrase_page_321,pɪtʃ
phrase_page_324,pɪntʃ
phrase_page_recast_317,pɪtʃ
phrase_page_recast_319,peɪtʃ
phrase_potato_302,pəteɪtoʊ
phrase_potato_303,bəteɪtoʊ
phrase_potato_306,vəteɪtoʊ
phrase_potato_308,pəteɪtoʊ
phrase_potato_314,pəteɪtoʊ
phrase_potato_316,pəteɪtoʊ
phrase_potato_319,bəteɪtoʊ
phrase_potato_323,pəteɪtoʊ
phrase_potato_324,pəteɪtoʊ
phrase_potato_recast_310,pəteɪtoʊ
phrase_potato_recast_311,bəteɪtoʊ
phrase_potato_recast_322,pəteɪtoʊ
phrase_puzzle_301,pʌzəl
phrase_puzzle_303,pʌzəl
phrase_puzzle_306,pʌzəl
phrase_puzzle_307,pʌzəl
phrase_puzzle_310,pʌzəl
phrase_puzzle_311,pʌzəl
phrase_puzzle_314,pʌzəl
phrase_puzzle_316,pʌzəl
phrase_puzzle_319,pɑzoʊ
phrase_puzzle_322,pʌzəl
phrase_puzzle_323,pʌzəl
phrase_puzzle_326,pʌzə
phrase_ring_301,rɪŋg
phrase_ring_304,wɪŋ
phrase_ring_306,wɪŋ
phrase_ring_308,rɪŋ
phrase_ring_311,rɪŋ
phrase_ring_312,wɪŋ
phrase_ring_315,rɪŋ
phrase_ring_316,rɪŋk
phrase_ring_321,rɪŋ
phrase_ring_323,wɪŋk
phrase_ring_325,rɪŋ
phrase_ring_recast_319,rim
phrase_road_301,roʊd
phrase_road_304,woʊd
phrase_road_305,roʊd
phrase_road_308,roʊd
phrase_road_310,roʊd
phrase_road_312,woʊt
phrase_road_315,roʊd
phrase_road_316,roʊd
phrase_road_321,woʊd
phrase_road_322,woʊd
phrase_road_325,roʊd
phrase_road_recast_317,ʒoʊ
phrase_shoes_301,ʃuz
phrase_shoes_304,ʃuz
phrase_shoes_305,ʃuz
phrase_shoes_308,ʃuz
phrase_shoes_309,ʃuz
phrase_shoes_312,suz
phrase_shoes_314,ʃuz
phrase_shoes_316,ʃuz
phrase_shoes_320,tʃuz
phrase_shoes_321,ʃuz
phrase_shoes_325,ʃuz
phrase_shoes_326,ʃuz
phrase_sock_301,ʃɑk
phrase_sock_303,sɑ
phrase_sock_305,sɑk
phrase_sock_308,sɑk
phrase_sock_309,sɑk
phrase_sock_312,ʃɑk
phrase_sock_313,ʃɑk
phrase_sock_316,sɑk
phrase_sock_319,sɑk
phrase_sock_321,sɑk
phrase_sock_324,sɑk
phrase_sock_325,sɑk
phrase_table_301,teɪbəl
phrase_table_302,teɪbəl
phrase_table_305,teɪvəl
phrase_table_307,teɪbəl
phrase_table_309,teɪbəl
phrase_table_312,tibu
phrase_table_313,tiboʊ
phrase_table_316,teɪbəl
phrase_table_318,teɪbəl
phrase_table_321,teɪbə
phrase_table_323,teɪbəl
phrase_table_325,teɪbəl
phrase_tape_302,teɪp
phrase_tape_303,teɪp
phrase_tape_306,taɪp
phrase_tape_307,teɪ
phrase_tape_310,teɪp
phrase_tape_312,tip
phrase_tape_314,teɪp
phrase_tape_318,teɪp
phrase_tape_320,teɪp
phrase_tape_323,teɪp
phrase_tape_324,teɪp
phrase_tape_recast_301,teɪp
phrase_tape_recast_319,teɪp
phrase_teacher_302,titʃər
phrase_teacher_307,titʃoʊ
phrase_teacher_308,titʃər
phrase_teacher_311,titʃər
phrase_teacher_312,tisu
phrase_teacher_316,titʃər
phrase_teacher_320,titʃ
phrase_teacher_323,titʃər
phrase_teacher_recast_303,titʃər
phrase_teacher_recast_306,titʃoʊ
phrase_teacher_recast_319,tʃitʃər
phrase_teacher_recast_322,titʃoʊ
phrase_thumb_302,θʌm
phrase_thumb_304,θʌm
phrase_thumb_306,fʌn
phrase_thumb_309,θʌm
phrase_thumb_310,sʌm
phrase_thumb_313,fʌm
phrase_thumb_314,sʌm
phrase_thumb_318,θʌm
phrase_thumb_321,ðʌm
phrase_thumb_323,θʌm
phrase_thumb_326,θʌm
phrase_thumb_recast_317,sʌ
phrase_tiger_302,taɪgər
phrase_tiger_303,taɪgər
phrase_tiger_306,taɪgoʊ
phrase_tiger_308,taɪgər
phrase_tiger_310,taɪgər
phrase_tiger_313,tsaɪgoʊ
phrase_tiger_314,taɪgər
phrase_tiger_319,taɪgər
phrase_tiger_320,taɪhoʊ
phrase_tiger_323,taɪgər
phrase_tiger_325,taɪgər
phrase_tiger_recast_317,tɑdoʊ
phrase_toilet_302,tɔɪlət
phrase_toilet_303,tɔɪlət
phrase_toilet_306,tʃɔɪlət
phrase_toilet_307,tɔɪlət
phrase_toilet_310,tɔɪlɛt
phrase_toilet_312,kjolət
phrase_toilet_314,tɔɪlət
phrase_toilet_318,tɔɪlət
phrase_toilet_320,tɔɪlət
phrase_toilet_323,tɔɪwət
phrase_toilet_324,tɔɪlət
phrase_toilet_recast_317,tɔɪlət
phrase_TV_301,tivi
phrase_TV_303,tivi
phrase_TV_306,tizju
phrase_TV_307,tivi
phrase_TV_311,tivi
phrase_TV_312,tifi
phrase_TV_315,tivi
phrase_TV_318,tivi
phrase_TV_320,tivi
phrase_TV_323,tivi
phrase_TV_324,tivi
phrase_TV_recast_317,tibi
phrase_TV_recast_325,tifi
phrase_van_305,fæn
phrase_van_308,væn
phrase_van_312,fʌn
phrase_van_316,væn
phrase_van_318,væn
phrase_van_325,væn
phrase_van_recast_301,vɛn
phrase_van_recast_309,væn
phrase_van_recast_313,bɑn
phrase_van_recast_319,væn
phrase_van_recast_324,væn
phrase_van_recast_326,væn
phrase_video_302,vɪdioʊ
phrase_video_303,vɪdioʊ
phrase_video_306,vɪdioʊ
phrase_video_308,vɪdioʊ
phrase_video_312,fɪdʒoʊ
phrase_video_315,vɪdioʊ
phrase_video_316,vɪdioʊ
phrase_video_324,vɪdioʊ
phrase_video_recast_311,vɪdioʊ
phrase_video_recast_319,vɪdiɔ
phrase_video_recast_323,vɪdioʊ
phrase_video_recast_326,vɪjoʊ
phrase_wave_302,weɪv
phrase_wave_303,weɪv
phrase_wave_306,weɪf
phrase_wave_307,weɪv
phrase_wave_311,weɪv
phrase_wave_313,wɪs
phrase_wave_315,weɪv
phrase_wave_320,weɪv
phrase_wave_321,weɪv
phrase_wave_325,weɪv
phrase_wave_326,weɪv
phrase_wave_recast_322,weɪv
phrase_web_302,wɛv
phrase_web_304,wɛb
phrase_web_307,wɛ
phrase_web_308,wɛb
phrase_web_311,wɛb
phrase_web_312,wæp
phrase_web_315,wɛb
phrase_web_318,wɛb
phrase_web_321,wɛb
phrase_web_324,wɛb
phrase_web_325,wɛb
phrase_web_recast_326,wɛb
phrase_yelllow_305,jɛloʊ
phrase_yellow_304,jɛloʊ
phrase_yellow_308,jɛloʊ
phrase_yellow_310,jɛloʊ
phrase_yellow_314,sjɛldoʊ
phrase_yellow_315,jɛloʊ
phrase_yellow_320,jɛl
phrase_yellow_321,jɛwoʊ
phrase_yellow_recast_307,lɛloʊ
phrase_yellow_recast_317,jɛloʊ
phrase_yellow_recast_322,jɛwoʊ
phrase_yellow_recast_326,jɛloʊ
,
word_apple_301,æpəl
word_apple_304,æpəl
word_apple_305,æpəl
word_apple_308,æpəl
word_apple_310,æpəl
word_apple_312,æpu
word_apple_315,æpəl
word_apple_316,æpəl
word_apple_320,æpoʊ
word_apple_321,æpəl
word_apple_324,æpəl
word_apple_326,æpəl
word_baby_301,beɪbi
word_baby_304,beɪbi
word_baby_305,beɪbi
word_baby_308,beɪbi
word_baby_309,beɪbi
word_baby_312,bibi
word_baby_314,beɪbi
word_baby_316,beɪbi
word_baby_320,beɪbi
word_baby_321,beɪbi
word_baby_324,beɪbi
word_baby_325,beɪbi
word_beach_301,bitʃ
word_beach_303,bitʃ
word_beach_305,bitʃ
word_beach_308,bitʃ
word_beach_309,bitʃ
word_beach_312,bits
word_beach_313,bitʃ
word_beach_316,bitʃ
word_beach_320,bitʃ
word_beach_323,bit
word_beach_326,bitʃ
word_beach_recast_317,bitʃ
word_cake_301,keɪk
word_cake_302,keɪk
word_cake_305,keɪk
word_cake_307,keɪk
word_cake_309,keɪk
word_cake_312,kɪk
word_cake_313,kɪk
word_cake_316,keɪk
word_cake_318,keɪk
word_cake_321,keɪk
word_cake_323,keɪk
word_cake_325,keɪk
word_chair_301,tʃɛr
word_chair_302,tʃɛr
word_chair_305,tʃɛr
word_chair_306,tʃɛoʊ
word_chair_309,tʃɛr
word_chair_311,tʃɛr
word_chair_313,tɑ
word_chair_316,tʃɛr
word_chair_318,tʃɛr
word_chair_321,tʃɛr
word_chair_322,tɛw
word_chair_325,tɛr
word_chair_recast_317,tʃɛr
word_coloring_321,kʌlərɪn
word_color_301,kʌlə
word_color_302,kʌlər
word_color_305,kʌlər
word_color_309,kʌlər
word_color_312,kɑlu
word_color_316,kʌlər
word_color_recast_306,kʌloʊ
word_color_recast_313,kʌlu
word_color_recast_314,kʌlər
word_color_recast_322,kʌwoʊ
word_color_recast_325,kʌlər
word_doll_302,dɑl
word_doll_304,dɑl
word_doll_306,dɑw
word_doll_309,dɑl
word_doll_310,dɑl
word_doll_313,dɑw
word_doll_314,dɑl
word_doll_318,dɑl
word_doll_320,dɑl
word_doll_322,dɑl
word_doll_325,dɑl
word_doll_326,dɑli
word_face_302,feɪs
word_face_303,feɪs
word_face_307,feɪs
word_face_309,feɪs
word_face_311,feɪs
word_face_314,feɪs
word_face_315,feɪs
word_face_321,feɪs
word_face_322,veɪs
word_face_325,feɪs
word_face_recast_306,feɪs
word_face_recast_319,feɪs
word_five_303,faɪf
word_five_304,faɪv
word_five_307,faɪf
word_five_308,faɪv
word_five_311,faɪv
word_five_313,faɪv
word_five_315,faɪv
word_five_319,faɪf
word_five_320,faɪv
word_five_323,faɪf
word_five_324,faɪv
word_five_recast_317,faɪoʊ
word_foot_302,fʊt
word_foot_304,fʊt
word_foot_308,fʊt
word_foot_309,fʊt
word_foot_312,fut
word_foot_313,təsu
word_foot_316,fʊt
word_foot_321,fʊ
word_foot_323,fʊt
word_foot_326,fʌt
word_foot_recast_306,fʊt
word_foot_recast_319,fʊt
word_game_301,geɪm
word_game_304,geɪm
word_game_309,geɪm
word_game_311,geɪm
word_game_314,geɪm
word_game_315,geɪm
word_game_321,geɪm
word_game_322,geɪm
word_game_325,geɪm
word_game_recast_306,geɪm
word_game_recast_317,geɪm
word_hammer_301,hæmər
word_hammer_302,hæmər
word_hammer_305,hæmər
word_hammer_306,hæmoʊ
word_hammer_309,hæmər
word_hammer_311,hæmər
word_hammer_313,hæmoʊ
word_hammer_316,hæmər
word_hammer_318,hæmər
word_hammer_322,hæmwoʊ
word_hammer_323,hæmər
word_hammer_326,hæmɑ
word_hammer_recast_319,hɛmər
word_heavy_302,hɛvi
word_heavy_306,hɛvi
word_heavy_308,hɛvi
word_heavy_311,hɛvi
word_heavy_315,hɛvi
word_heavy_recast_304,hɛv
word_heavy_recast_312,hɑfi
word_heavy_recast_314,hɛvi
word_heavy_recast_319,hɛzi
word_heavy_recast_320,hɛvi
word_heavy_recast_324,hɛvi
word_heavy_recast_325,hɛvi
word_honey_302,hʌni
word_honey_304,hʌni
word_honey_306,hʌni
word_honey_309,hʌni
word_honey_310,hʌni
word_honey_313,hʌni
word_honey_314,hʌni
word_honey_318,hʌni
word_honey_321,hʌni
word_honey_323,hʌni
word_honey_326,hæni
word_honey_recast_317,hʌni
word_jacket_302,dʒækət
word_jacket_303,dʒækət
word_jacket_308,dʒækət
word_jacket_310,dʒækət
word_jacket_313,dɑkits
word_jacket_316,dʒækət
word_jacket_318,dʒækət
word_jacket_322,dʒækət
word_jacket_323,dʒækət
word_jacket_recast_305,dʒækət
word_jacket_recast_312,dɑtit
word_jacket_recast_319,dʒækət
word_kitchen_302,kɪtʃən
word_kitchen_303,kɪtʃən
word_kitchen_306,kɪtsən
word_kitchen_307,kɪtʃən
word_kitchen_310,kɪtʃən
word_kitchen_312,kitsin
word_kitchen_314,kɪtʃən
word_kitchen_318,kɪtʃən
word_kitchen_320,kɪtʃə
word_kitchen_323,kɪtən
word_kitchen_324,kɪtʃən
word_kitchen_recast_317,kɪtʃən
word_leaf_301,liv
word_leaf_303,lif
word_leaf_306,lif
word_leaf_307,liv
word_leaf_310,lif
word_leaf_311,lis
word_leaf_314,lif
word_leaf_316,lif
word_leaf_319,leɪfs
word_leaf_322,wif
word_leaf_324,lif
word_leaf_recast_317,lif
word_leaf_recast_323,wif
word_magic_304,mædʒɪk
word_magic_308,mædʒɪk
word_magic_312,mɑdik
word_magic_316,mædʒɪk
word_magic_321,mædʒɪk
word_magic_recast_306,mædʒɪk
word_magic_recast_307,mædʒɪk
word_magic_recast_314,mædʒɪk
word_magic_recast_318,mædʒɪk
word_magic_recast_320,bædʒɪk
word_magic_recast_324,mædʒɪ
word_magic_recast_325,mædʒɪk
word_moon_303,mu
word_moon_304,mun
word_moon_307,mun
word_moon_309,mun
word_moon_311,mun
word_moon_314,mun
word_moon_315,mun
word_moon_319,mun
word_moon_320,bud
word_moon_323,mun
word_moon_325,mun
word_moon_recast_317,mun
word_nose_303,noʊz
word_nose_304,noʊz
word_nose_308,noʊz
word_nose_309,noʊz
word_nose_312,nus
word_nose_314,noʊz
word_nose_316,noʊz
word_nose_320,noʊz
word_nose_321,noʊz
word_nose_324,noʊz
word_nose_325,noʊz
word_page_301,peɪdʒ
word_page_303,peɪdʒ
word_page_305,peɪdʒ
word_page_308,peɪdʒ
word_page_309,peɪdʒ
word_page_314,peɪdʒ
word_page_315,peɪdʒ
word_page_320,peɪdʒ
word_page_322,peɪds
word_page_325,peɪdsəs
word_page_recast_317,peɪdʒ
word_page_recast_319,peɪdʒ
word_pig_301,pɪg
word_pig_302,pɪg
word_pig_305,pɪg
word_pig_307,pɪg
word_pig_309,pɪg
word_pig_312,pik
word_pig_313,pig
word_pig_316,pɪg
word_pig_318,pɪg
word_pig_321,pɪg
word_pig_324,pɪg
word_pig_326,bɪg
word_puzzle_301,pʌzəl
word_puzzle_302,pʌzəl
word_puzzle_305,pʌzəl
word_puzzle_306,pʌzoʊ
word_puzzle_309,pʌzəl
word_puzzle_311,pʌzəl
word_puzzle_313,pɑzθɑ
word_puzzle_316,pʌzəl
word_puzzle_318,pʌzəl
word_puzzle_321,pʌzələ
word_puzzle_322,pʌzoʊ
word_puzzle_325,pʌzəl
word_puzzle_recast_317,pʌdzoʊ
word_red_302,rɛd
word_red_305,rɛd
word_red_306,wɛd
word_red_309,rɛd
word_red_310,rɛd
word_red_313,wɑd
word_red_315,rɛd
word_red_318,rɛd
word_red_321,rɛd
word_red_322,wɛd
word_red_325,rɛd
word_red_326,wɛd
word_shapes_323,ʃeɪps
word_shape_302,ʃeɪp
word_shape_310,ʃeɪp
word_shape_315,ʃeɪp
word_shape_316,ʃeɪp
word_shape_recast_303,ʃeɪp
word_shape_recast_304,ʃeɪp
word_shape_recast_307,ʃeɪp
word_shape_recast_311,ʃeɪp
word_shape_recast_317,ʃeɪf
word_shape_recast_322,seɪp
word_shape_recast_324,ʃeɪp
word_singing_303,sɪŋɪŋ
word_singing_304,sɪŋɪŋ
word_singing_310,sɪŋɪŋ
word_singing_313,sinin
word_singing_321,sɪŋɪŋ
word_sing_301,sɪŋg
word_sing_302,sɪŋ
word_sing_308,sɪŋ
word_sing_311,sɪŋ
word_sing_318,sɪŋ
word_sing_324,sɪŋ
word_sing_326,sɪŋ
word_sneeze_306,noʊz
word_soap_305,geɪm
word_teeth_303,tiθ
word_teeth_304,tiθ
word_teeth_307,tiθ
word_teeth_309,tiθ
word_teeth_311,tif
word_teeth_314,tiθ
word_teeth_315,tiθ
word_teeth_319,tiz
word_teeth_320,tiθ
word_teeth_323,tif
word_teeth_325,tiθ
word_teeth_recast_317,tiθ
word_thumb_303,fʌm
word_thumb_304,θʌm
word_thumb_307,fʌm
word_thumb_308,θʌm
word_thumb_311,θʌm
word_thumb_313,fʌm
word_thumb_315,θʌm
word_thumb_320,θʌ
word_thumb_321,dʌm
word_thumb_324,θʌmp
word_thumb_325,θʌm
word_thumb_recast_319,θʌm
word_toys_302,tɔɪz
word_toys_304,tɔɪz
word_toys_307,tɔɪz
word_toys_308,tɔɪz
word_toys_311,tɔɪz
word_toys_312,tsɔɪz
word_toys_316,tɔɪz
word_toys_320,tɔɪz
word_toys_322,tɔɪz
word_toys_325,tɔɪz
word_toys_326,tɔɪ
word_toys_recast_319,tɔɪz
word_videos_309,vɪdioʊz
word_video_302,vɪdioʊ
word_video_308,vɪdioʊ
word_video_316,vɪdioʊ
word_video_recast_306,vɪdioʊ
word_video_recast_307,vɪdioʊ
word_video_recast_313,fɪdɪdoʊ
word_video_recast_314,vɪdioʊ
word_video_recast_319,vɪdioʊ
word_video_recast_321,vɪdioʊ
word_video_recast_323,vɪdioʊ
word_video_recast_326,vɪdijɑ
word_wagon_302,wægən
word_wagon_306,wægən
word_wagon_307,wægən
word_wagon_312,wædʒən
word_wagon_314,wægən
word_wagon_316,wægən
word_wagon_321,wægən
word_wagon_322,wægən
word_wagon_326,wægən
word_wagon_recast_301,wægən
word_wagon_recast_311,wægən
word_wagon_recast_318,wægən
word_wash_301,wɑʃ
word_wash_304,wɑʃ
word_wash_305,wɑʃ
word_wash_308,wɑʃ
word_wash_313,wɑʃ
word_wash_320,wɑʃ
word_wash_322,bwɑs
word_wash_325,wɑʃ
word_wash_recast_311,wɑʃ
word_wash_recast_312,lɑs
word_wash_recast_317,wɑʃ
word_wash_recast_319,wɑʃ
word_water_301,wɑtər
word_water_303,wɑtər
word_water_305,wɑtə
word_water_308,wɑtər
word_water_309,wɑtər
word_water_312,wɑtstu
word_water_313,wɑdoʊ
word_water_316,wɑtər
word_water_319,vɑtər
word_water_321,gwɑtər
word_water_324,wɑtər
word_water_325,wɑtər
word_web_301,wɛb
word_web_302,wɛb
word_web_305,wɛb
word_web_307,wɛb
word_web_309,wɛb
word_web_312,wɑb
word_web_313,wɑb
word_web_316,wɛb
word_web_318,wɛb
word_web_322,wɛb
word_web_324,wɛb
word_web_recast_317,wɛ
word_yelling_313,laʊwɪn
word_yelling_323,laʊwɪn
word_yell_306,jɛoʊ
word_yell_308,jɛl
word_yell_320,jɛl
word_yell_recast_302,jɛl
word_yell_recast_304,jɛl
word_yell_recast_310,jɛl
word_yell_recast_312,laʊ
word_yell_recast_317,jɛl
word_yell_recast_318,jɛl
word_yell_recast_322,jɛoʊ
word_yell_recast_326,jɛl
